Tweet,Favourited,TweetDate,Tweetby,RetweetCount,Score,Photo
cleo is an amazing new money management app that works with FB messenger give it a try to getfree,FALSE,6/4/2020 14:27,MoMova91,0,2.55,https://abs.twimg.com/sticky/default_profile_images/default_profile_normal.png
Its also worth you guys teaming up withif youre really about that life Side bar love Cleo app as fin,FALSE,6/4/2020 14:25,WhitneyBulman,0,1.5,https://pbs.twimg.com/profile_images/1176443467871834112/jnwTjPdo_normal.jpg
"Why
Add my Tiktok symplytacha


TACHAshe",FALSE,6/4/2020 10:53,SyMpLY_CLeo,1016,0,https://pbs.twimg.com/profile_images/1194291203581210625/ieVjorTb_normal.jpg
Imagine if theyd been deployed for testingtracing at the beginning of the pandemic instead of against peaceful pro,FALSE,6/4/2020 5:57,cleo_peterson,2734,-0.25,https://pbs.twimg.com/profile_images/1195870096402583557/60COfzt3_normal.jpg
Ms Cleo Paskal is nonresident fellow at the Foundation for the Defense of DemocraciesUSA associate fellow at Chatham Hous,FALSE,6/3/2020 22:18,aryan4bjp,17,1.05,https://pbs.twimg.com/profile_images/1211892279293698049/PShItWuM_normal.jpg
Im having trouble with the wallet on the app and not getting any respond on telecom Do you have an ema,FALSE,6/3/2020 21:29,Krisiku,0,-0.5,https://pbs.twimg.com/profile_images/1212945746540027905/QazBzKOT_normal.jpg
using art to make a difference in the world we live in today of each blm order will be donated to BLM or MFF w photo,FALSE,6/3/2020 18:55,reynolds_cleo,301,0.6,https://pbs.twimg.com/profile_images/1226650237990817792/Fxyn-tBE_normal.jpg
If I follow and you dont follow back Im gonna use my App ,FALSE,6/3/2020 16:43,mrJOSH_ayola,0,0,https://pbs.twimg.com/profile_images/1236761857987313664/0rmctEHx_normal.jpg
I would advise contacting Cleo about the Ben as it seems to be done via their appwebsite from what you have described WB,FALSE,6/3/2020 13:55,santanderukhelp,0,0.8,https://pbs.twimg.com/profile_images/1245233978728161280/zxXO51wP_normal.jpg
This made me so happy Downloading the Couch to k app last year is one of the best things Ive ever done for myself,FALSE,6/3/2020 9:05,cleo_writes,0,1.25,https://pbs.twimg.com/profile_images/1245449802860630016/g1wqXWdL_normal.jpg
nearly a year and still your app wont work withworks so why wont Cleo ,FALSE,6/3/2020 7:37,1ViralMemes,0,0.25,https://pbs.twimg.com/profile_images/1248798099973140481/4XbFHaLF_normal.jpg
"The Taste of TATASHE today



TachaThePepper",FALSE,6/3/2020 7:16,SyMpLY_CLeo,840,0,https://pbs.twimg.com/profile_images/1258702906997510146/n-mkXvDG_normal.jpg
Hi I need to talk to a customer care specialist about my order but your app keeps on redirecting to Cleo,FALSE,6/3/2020 3:58,witnessabel,0,1.4,https://pbs.twimg.com/profile_images/1260343618159681538/AcE-lYhj_normal.jpg
there were protest photos screenshots of venmo cash apppaypal tags to donate to bail funds and everything in this hash,FALSE,6/2/2020 18:08,cleo_jaden,33267,-0.35,https://pbs.twimg.com/profile_images/1263855808800067585/Wbe4ui-Z_normal.jpg
Try out this Cleo appits so cool andfor setting up the free digital walletstudents fintech freebies,FALSE,6/2/2020 16:00,MittensChris,0,1.25,https://pbs.twimg.com/profile_images/1265355143849086976/5UoJfw-__normal.jpg
alright yall this blackout cant happen on twitter this app is damn near essential for news bc it comes from real people,FALSE,6/2/2020 8:52,cleo_jaden,55600,-0.15,https://pbs.twimg.com/profile_images/1266005379563036673/4cm3GCCy_normal.jpg
"Youtube video coming out tomorrowSubscribe to our youtube channel

 ",FALSE,6/2/2020 4:32,cleo_will11,1,0,https://pbs.twimg.com/profile_images/1266134638415818753/08ZrUKG8_normal.jpg
Youtube video coming out tomorrowSubscribe to our youtube channel,FALSE,6/2/2020 4:30,Fwleaa,1,0,https://pbs.twimg.com/profile_images/378800000420418681/3b42595513443b803e3c118f4d8243c8_normal.jpeg
not Kpop stans having the Dallas police department app crash by spamming it with fancams lmfaooo,FALSE,6/1/2020 17:12,cleo_stynen,58290,-1,https://pbs.twimg.com/profile_images/721887070000689152/zhufp_ea_normal.jpg
The Beat thing i have seen on this App today Miami Police just apologised in front of the Protestors for Police Bru,FALSE,6/1/2020 11:35,Cleo__phas,157,-0.25,https://pbs.twimg.com/profile_images/758008372549525504/dNk28IvA_normal.jpg
you all set up nickwere randomly allocating the gifts to those who need it m,FALSE,6/1/2020 10:16,meet_cleo,0,0.55,https://pbs.twimg.com/profile_images/840676824472530946/0P094Ni-_normal.jpg
LMFAO THE KPOP GIRLS TOOK DOWN THE IWATCH DALLAS POLICE APP WITH THEIR FANCAMS,FALSE,6/1/2020 5:05,Cleo_Gray,34680,-0.25,https://pbs.twimg.com/profile_images/890996101305688064/iQ1I6iQ3_normal.jpg
CELEBRITIES close the notes app open the cashapp,FALSE,6/1/2020 4:03,Cleo_Gray,2744,0,https://pbs.twimg.com/profile_images/941313628539686912/N_6kNxT4_normal.jpg
not Kpop stans having the Dallas police department app crash by spamming it with fancams lmfaooo,FALSE,6/1/2020 3:36,cleo_jaden,58290,-1,https://pbs.twimg.com/profile_images/981363150418206721/2kszj5RQ_normal.jpg
Twitter is the only app where you practice your freedom of speech,FALSE,5/31/2020 17:32,cleo_rsa,169,1.4,
"OMG
I LOVE AFRICA



GodQualifiedTacha 
AfricaDay",FALSE,5/31/2020 16:53,SyMpLY_CLeo,936,0.75,
"NEW PRODUCT DROPPING ST JUNE I CANT WAIT  ANTICIPATE 



TachaUnitesA",FALSE,5/31/2020 16:51,SyMpLY_CLeo,1245,0.55,
"ST JUNE
Im too Excited to WAIT

TITANS what time on Monday


StrategicTacha htt",FALSE,5/31/2020 16:51,SyMpLY_CLeo,888,0.5,
good news you dont have to if you needright now download Cleo type Random Acts of Relief and shell get,FALSE,5/31/2020 12:40,meet_cleo,0,1.25,
HeyIm looking at chatbot apps liketo complement your already great money management bu,FALSE,5/31/2020 9:46,MrLexJay,0,2,
its BLACK ppl on this app crying about ppl looting stores the same stores that follow you around when you trying to sh,FALSE,5/31/2020 0:41,Cleo_Jadore,44920,-0.75,
See now if you wouldve acted right with my mom back in s you wouldnt be on this app saying dumb shit btw my,FALSE,5/30/2020 23:06,ms_cleo_jones,0,-0.7,
Delete Tik Tok and replace it with TopIt This app is Black Owned If Tik Tok cant suppor,FALSE,5/30/2020 22:40,cleo______,3094,-0.25,
Somebody find this nigga so i can send him a cash app,FALSE,5/30/2020 22:13,CLEO__patra_,70252,0.4,
download cleo set up a wallet by typing wallet to cleo and sit tight we see you were randomly allo,FALSE,5/30/2020 18:04,meet_cleo,0,-0.25,
make sure youve got cleo downloaded set up your wallet and sit tight were randomly allocating ,FALSE,5/30/2020 18:00,meet_cleo,0,-0.25,
if it passeshours with no interaction with the offer then it gets regifted but youre not out,FALSE,5/30/2020 17:03,meet_cleo,0,0.1,
makin us blush make sure youve got cleo downloaded and your wallet set up so we see you ,FALSE,5/30/2020 16:58,meet_cleo,0,0.6,
got cleo downloaded and your wallet set up,FALSE,5/30/2020 16:53,meet_cleo,0,0,
have you got cleo downloaded and your wallet set up were randomly distributinggifts from o,FALSE,5/30/2020 16:51,meet_cleo,0,-0.25,
so do we make sure youve got cleo downloaded and a wallet set up so youre in the running ,FALSE,5/30/2020 16:49,meet_cleo,1,0,
Have you triedMicrosoft OfficeLensis an App that basically turns your smartphone into a very powerfu,FALSE,5/30/2020 11:13,sig225,1,0,
Have you triedMicrosoft OfficeLensis an App that basically turns your smartphone into a,FALSE,5/30/2020 10:54,HTZfan,1,0,
More pdf scans vs Windows mysteryMy old laptop with the same printer and the same native scan app can give me a,FALSE,5/30/2020 10:08,Cleo_Qc,0,0,
Since you joined this app have you found love ,FALSE,5/30/2020 6:51,cleo_rsa,279,1.95,
AUDIO from the Ted Bird Morning Show on The JewelNice honker Cleo and other marginally appropriate content from t,FALSE,5/30/2020 0:23,Airchecker,2,1.2,
AUDIO from the Ted Bird Morning Show on The JewelNice honker Cleo and other marginally appropriate content from t,FALSE,5/29/2020 23:59,manofbird,2,1.2,
Hope I get something  This app is cool,FALSE,5/29/2020 22:32,DarlingBeatrice,0,1.25,
if you needright now download cleo and set up a wallet type wallet to cleo from there her AI is distributing crow,FALSE,5/29/2020 21:12,e_myers9,1,0,
I think I accidentally missed itDo you offer more than onceI didnt have a phone for a while,FALSE,5/29/2020 20:11,Jacob36915804,0,-1,
Special thanksto this years Mothers Day Walk powered by CleoOne Billion Steps Challenge national sponsors I,FALSE,5/29/2020 19:34,BCSC,0,0.55,
if you needright now download cleo and set up a wallet type wallet to cleo from there her AI is distribu,FALSE,5/29/2020 18:57,meet_cleo,1,0,
Cleo app aint slick,FALSE,5/29/2020 17:30,professoralford,0,0.25,
if you needthis is for you download cleo type wallet and youre in with the chance thats literally it,FALSE,5/29/2020 16:25,meet_cleo,1,0.25,
"Meetime
 Huawei app gallery
 Blue 

HuaweiPSeries HUAWEIAppGallery",FALSE,5/29/2020 12:47,cleo_mogakane,0,0,
AUDIO from the Ted Bird Morning Show on The JewelNice honker Cleo and other marginally appropriate conte,FALSE,5/29/2020 10:33,manofbird,2,0.6,
got cleo downloadedjust make sure your wallets set up and youre in the running ,FALSE,5/29/2020 9:51,meet_cleo,0,0,
have you got cleo downloadedas soon as you set your wallet up youre automa,FALSE,5/29/2020 6:55,meet_cleo,0,0,
Thank you very much to all the parents who are already part of the history of CleoCuquin Family Fun kits and ap,FALSE,5/29/2020 6:13,HITNlearning,0,1.25,
some of you really think youre celebrities on this app bye man,FALSE,5/28/2020 19:55,cleo__aa,1432,0,
He is Its just unfortunate that most users on this app tend to champion that type of attitude,FALSE,5/28/2020 19:32,cleo_gold,1,-0.25,
Because coincidentally enough I worked her phone psychic line for a couple months,FALSE,5/28/2020 19:05,gypsy3121,0,0,
years ago today after so much speculation to where he was going Eden Hazard really came on this app to say hes signing for,FALSE,5/28/2020 18:49,Cleo__phas,188,-0.75,
link yourself in so we see you if you havent already  ,FALSE,5/28/2020 17:22,meet_cleo,0,0,
ADCleo is a money app that links to your Facebook Messenger and helps you keep track of your moneyIf you sign up you,FALSE,5/28/2020 17:21,jessopblogs,1,1.4,
Twitter is the funniest app hands down ,FALSE,5/28/2020 16:48,Egyptian_Cleo,1,0.8,
This chat is annoying now Just delete the app,FALSE,5/28/2020 7:50,Cleo__N,1354,-0.75,
